family,old_image,new_image,old_label,new_label
frame,752107057_3109154799284131_7440322792602840071_n.jpg,frame_0201.jpg,752107057_3109154799284131_7440322792602840071_n.txt,frame_0201.txt
frame,752488700_3110237195842558_8613526301335210037_n.jpg,frame_0202.jpg,752488700_3110237195842558_8613526301335210037_n.txt,frame_0202.txt
frame,753164113_3109261529273458_3269680644314744759_n.jpg,frame_0203.jpg,753164113_3109261529273458_3269680644314744759_n.txt,frame_0203.txt
frame,753241673_3109584412574503_876410147801455554_n.jpg,frame_0204.jpg,753241673_3109584412574503_876410147801455554_n.txt,frame_0204.txt
frame,753288109_3107153722817572_4865296228075811178_n.jpg,frame_0205.jpg,753288109_3107153722817572_4865296228075811178_n.txt,frame_0205.txt
frame,761280300_3118156995050578_5499502110109645766_n.jpg,frame_0206.jpg,761280300_3118156995050578_5499502110109645766_n.txt,frame_0206.txt
frame,776222360_3134118836787727_5821430833079145629_n.jpg,frame_0207.jpg,776222360_3134118836787727_5821430833079145629_n.txt,frame_0207.txt
frame,777298009_3134975063368771_5717026007798408244_n.jpg,frame_0208.jpg,777298009_3134975063368771_5717026007798408244_n.txt,frame_0208.txt
frame,779134148_3134173766782234_9061778989615872243_n.jpg,frame_0209.jpg,779134148_3134173766782234_9061778989615872243_n.txt,frame_0209.txt
frame,781293045_3137217116477899_8186265990561119751_n.jpg,frame_0210.jpg,781293045_3137217116477899_8186265990561119751_n.txt,frame_0210.txt
frame,783452784_3137840413082236_1944345023354925504_n.jpg,frame_0211.jpg,783452784_3137840413082236_1944345023354925504_n.txt,frame_0211.txt
frame,786342964_3144958145703796_3799882826124502448_n.jpg,frame_0212.jpg,786342964_3144958145703796_3799882826124502448_n.txt,frame_0212.txt
frame,786616707_3144993659033578_5099906613531166286_n.jpg,frame_0213.jpg,786616707_3144993659033578_5099906613531166286_n.txt,frame_0213.txt
frame,791130090_3149084058624538_4814868641329831161_n.jpg,frame_0214.jpg,791130090_3149084058624538_4814868641329831161_n.txt,frame_0214.txt
frame,791246555_3148649575334653_693589519763975338_n.jpg,frame_0215.jpg,791246555_3148649575334653_693589519763975338_n.txt,frame_0215.txt
frame,792807169_3150090535190557_167819475386793100_n.jpg,frame_0216.jpg,792807169_3150090535190557_167819475386793100_n.txt,frame_0216.txt
frame,793337091_10231433123440673_948437208188655242_n.jpg,frame_0217.jpg,793337091_10231433123440673_948437208188655242_n.txt,frame_0217.txt
frame,794394831_10231433122480649_8245657202698097816_n.jpg,frame_0218.jpg,794394831_10231433122480649_8245657202698097816_n.txt,frame_0218.txt
frame,794484938_10231433120080589_5646765063739263255_n.jpg,frame_0219.jpg,794484938_10231433120080589_5646765063739263255_n.txt,frame_0219.txt
frame,794560971_10231433126800757_6371343794215583041_n.jpg,frame_0220.jpg,794560971_10231433126800757_6371343794215583041_n.txt,frame_0220.txt
frame,797336855_3163243847208559_5933771732280846040_n.jpg,frame_0221.jpg,797336855_3163243847208559_5933771732280846040_n.txt,frame_0221.txt
frame,800074111_970174286101848_6337554915377515647_n.jpg,frame_0222.jpg,800074111_970174286101848_6337554915377515647_n.txt,frame_0222.txt
frame,800116787_970174099435200_2319647429412901534_n.jpg,frame_0223.jpg,800116787_970174099435200_2319647429412901534_n.txt,frame_0223.txt
frame,800811945_970174319435178_7792595958611715207_n.jpg,frame_0224.jpg,800811945_970174319435178_7792595958611715207_n.txt,frame_0224.txt
frame,800819184_970174192768524_1197929818690819197_n.jpg,frame_0225.jpg,800819184_970174192768524_1197929818690819197_n.txt,frame_0225.txt
frame,800819204_970174059435204_4685162326294953905_n.jpg,frame_0226.jpg,800819204_970174059435204_4685162326294953905_n.txt,frame_0226.txt
frame,800827637_970174352768508_8185071998741546800_n.jpg,frame_0227.jpg,800827637_970174352768508_8185071998741546800_n.txt,frame_0227.txt
frame,800843189_970174139435196_1320416016849265993_n.jpg,frame_0228.jpg,800843189_970174139435196_1320416016849265993_n.txt,frame_0228.txt
frame,806129214_2283103515822264_6270734686053823281_n.jpg,frame_0229.jpg,806129214_2283103515822264_6270734686053823281_n.txt,frame_0229.txt
frame,806473736_2283103542488928_8547605411497744792_n.jpg,frame_0230.jpg,806473736_2283103542488928_8547605411497744792_n.txt,frame_0230.txt
frame,806473760_2283103405822275_951946185397885977_n.jpg,frame_0231.jpg,806473760_2283103405822275_951946185397885977_n.txt,frame_0231.txt
frame,808138261_970174222768521_5369765882199460663_n.jpg,frame_0232.jpg,808138261_970174222768521_5369765882199460663_n.txt,frame_0232.txt
frame,808138267_970174252768518_6538318020975727869_n.jpg,frame_0233.jpg,808138267_970174252768518_6538318020975727869_n.txt,frame_0233.txt
frame,810623519_3162188783980732_1998106931107564672_n.jpg,frame_0234.jpg,810623519_3162188783980732_1998106931107564672_n.txt,frame_0234.txt
frame,813020855_3163211883878422_7868697834925121591_n.jpg,frame_0235.jpg,813020855_3163211883878422_7868697834925121591_n.txt,frame_0235.txt
frame,813282274_3163237170542560_2816170267688761032_n.jpg,frame_0236.jpg,813282274_3163237170542560_2816170267688761032_n.txt,frame_0236.txt
frame,814338537_10231433125040713_6229281902451332653_n.jpg,frame_0237.jpg,814338537_10231433125040713_6229281902451332653_n.txt,frame_0237.txt
frame,814779632_10231433124320695_227545632473398281_n.jpg,frame_0238.jpg,814779632_10231433124320695_227545632473398281_n.txt,frame_0238.txt
frame,814785672_10231433119120565_7400050866881396941_n.jpg,frame_0239.jpg,814785672_10231433119120565_7400050866881396941_n.txt,frame_0239.txt
frame,PXL_20260723_022616689.RAW-01.jpg,frame_0240.jpg,PXL_20260723_022616689.RAW-01.txt,frame_0240.txt
frame,PXL_20260727_233751351.RAW-01.jpg,frame_0241.jpg,PXL_20260727_233751351.RAW-01.txt,frame_0241.txt
frame,PXL_20260815_053046088.RAW-01.jpg,frame_0242.jpg,PXL_20260815_053046088.RAW-01.txt,frame_0242.txt
frame,PXL_20260822_205020911.RAW-01.jpg,frame_0243.jpg,PXL_20260822_205020911.RAW-01.txt,frame_0243.txt
frame,PXL_20260822_205910779.RAW-01.jpg,frame_0244.jpg,PXL_20260822_205910779.RAW-01.txt,frame_0244.txt
frame,PXL_20260831_135058750.RAW-01.jpg,frame_0245.jpg,PXL_20260831_135058750.RAW-01.txt,frame_0245.txt
frame,PXL_20260831_142604038.RAW-01.jpg,frame_0246.jpg,PXL_20260831_142604038.RAW-01.txt,frame_0246.txt
frame,PXL_20260910_005306710.RAW-01.jpg,frame_0247.jpg,PXL_20260910_005306710.RAW-01.txt,frame_0247.txt
frame,PXL_20260910_005308807.RAW-01.jpg,frame_0248.jpg,PXL_20260910_005308807.RAW-01.txt,frame_0248.txt
frame,WhatsApp Image 2026-07-28 at 18.55.23.jpeg,frame_0249.jpeg,WhatsApp Image 2026-07-28 at 18.55.23.txt,frame_0249.txt
frame,WhatsApp Image 2026-08-05 at 20.32.04.jpeg,frame_0250.jpeg,WhatsApp Image 2026-08-05 at 20.32.04.txt,frame_0250.txt
frame,WhatsApp Image 2026-08-07 at 17.44.15.jpeg,frame_0251.jpeg,WhatsApp Image 2026-08-07 at 17.44.15.txt,frame_0251.txt
frame,WhatsApp Image 2026-08-07 at 17.48.41.jpeg,frame_0252.jpeg,WhatsApp Image 2026-08-07 at 17.48.41.txt,frame_0252.txt
frame,WhatsApp Image 2026-08-07 at 18.01.59.jpeg,frame_0253.jpeg,WhatsApp Image 2026-08-07 at 18.01.59.txt,frame_0253.txt
frame,WhatsApp Image 2026-08-07 at 20.37.04.jpeg,frame_0254.jpeg,WhatsApp Image 2026-08-07 at 20.37.04.txt,frame_0254.txt
frame,WhatsApp Image 2026-08-08 at 13.52.37.jpeg,frame_0255.jpeg,WhatsApp Image 2026-08-08 at 13.52.37.txt,frame_0255.txt
frame,WhatsApp Image 2026-08-10 at 10.19.52.jpeg,frame_0256.jpeg,WhatsApp Image 2026-08-10 at 10.19.52.txt,frame_0256.txt
frame,WhatsApp Image 2026-08-23 at 14.56.22.jpeg,frame_0257.jpeg,WhatsApp Image 2026-08-23 at 14.56.22.txt,frame_0257.txt
frame,WhatsApp Image 2026-08-29 at 18.18.02.jpeg,frame_0258.jpeg,WhatsApp Image 2026-08-29 at 18.18.02.txt,frame_0258.txt
frame,WhatsApp Image 2026-08-31 at 20.38.29.jpeg,frame_0259.jpeg,WhatsApp Image 2026-08-31 at 20.38.29.txt,frame_0259.txt
frame,WhatsApp Image 2026-09-13 at 19.19.06.jpeg,frame_0260.jpeg,WhatsApp Image 2026-09-13 at 19.19.06.txt,frame_0260.txt
frame,WhatsApp Image 2026-09-14 at 16.53.40.jpeg,frame_0261.jpeg,WhatsApp Image 2026-09-14 at 16.53.40.txt,frame_0261.txt
frame,WhatsApp Image 2026-09-14 at 17.20.39.jpeg,frame_0262.jpeg,WhatsApp Image 2026-09-14 at 17.20.39.txt,frame_0262.txt
frame,WhatsApp Image 2026-09-14 at 18.48.49.jpeg,frame_0263.jpeg,WhatsApp Image 2026-09-14 at 18.48.49.txt,frame_0263.txt
